{
  "manifest": {
    "apis": {
      "custom": {
        "endpoint": {
          "uri": "arn:aws:lambda:eu-west-1:455925416006:function:30bdfc04-c0ae-466c-8760-8d0f3a5a9fe3:Release_0"
        },
        "interfaces": [],
        "regions": {
          "NA": {
            "endpoint": {
              "uri": "arn:aws:lambda:us-east-1:455925416006:function:30bdfc04-c0ae-466c-8760-8d0f3a5a9fe3:Release_0"
            }
          },
          "EU": {
            "endpoint": {
              "uri": "arn:aws:lambda:eu-west-1:455925416006:function:30bdfc04-c0ae-466c-8760-8d0f3a5a9fe3:Release_0"
            }
          },
          "FE": {
            "endpoint": {
              "uri": "arn:aws:lambda:us-west-2:455925416006:function:30bdfc04-c0ae-466c-8760-8d0f3a5a9fe3:Release_0"
            }
          }
        }
      }
    },
    "manifestVersion": "1.0",
    "publishingInformation": {
      "category": "KNOWLEDGE_AND_TRIVIA",
      "distributionCountries": [],
      "isAvailableWorldwide": true,
      "locales": {
        "en-IN": {
          "name": "nitw smart device"
        }
      },
      "testingInstructions": "Sample Testing Instructions."
    }
  }
}