{
  "interactionModel": {
    "languageModel": {
      "invocationName": "nitw smart device",
      "intents": [
        {
          "name": "AMAZON.CancelIntent",
          "samples": []
        },
        {
          "name": "AMAZON.HelpIntent",
          "samples": []
        },
        {
          "name": "AMAZON.StopIntent",
          "samples": []
        },
        {
          "name": "AMAZON.NavigateHomeIntent",
          "samples": []
        },
        {
          "name": "HelloWorldIntent",
          "slots": [],
          "samples": [
            "hello",
            "how are you",
            "say hi world",
            "say hi",
            "hi",
            "say hello world",
            "say hello"
          ]
        },
        {
          "name": "AMAZON.FallbackIntent",
          "samples": []
        },
        {
          "name": "deviceon",
          "slots": [],
          "samples": [
            "turn on the device",
            "do switch on the device",
            "switch on the device",
            "make device on",
            "please make device on"
          ]
        },
        {
          "name": "deviceoff",
          "slots": [],
          "samples": [
            "do turn off the device",
            "switch off the device",
            "turn off the device",
            "make device off"
          ]
        }
      ],
      "types": []
    }
  },
  "version": "2"
}